{
  "checkpoint": "out/simple_graph_1_1_120_100/10000_ckpt_20.pt",
  "num_nodes": 100,
  "weight_gap": 0.2795257568359375,
  "avg_edge_weight": 0.2629428803920746,
  "avg_non_edge_weight": -0.016582870855927467,
  "token_offset": 2
}