{
  "checkpoint": "out/simple_graph_1_1_120_100/15000_ckpt_20.pt",
  "num_nodes": 100,
  "weight_gap": 0.3530048429965973,
  "avg_edge_weight": 0.33521607518196106,
  "avg_non_edge_weight": -0.01778876967728138,
  "token_offset": 2
}