{
  "checkpoint": "out/simple_graph_1_1_120_100/25000_ckpt_20.pt",
  "num_nodes": 100,
  "weight_gap": 0.38814693689346313,
  "avg_edge_weight": 0.3763408958911896,
  "avg_non_edge_weight": -0.011806052178144455,
  "token_offset": 2
}