{
  "checkpoint": "out/simple_graph_1_1_120_100/35000_ckpt_20.pt",
  "num_nodes": 100,
  "weight_gap": 0.35147029161453247,
  "avg_edge_weight": 0.3481466472148895,
  "avg_non_edge_weight": -0.0033236322924494743,
  "token_offset": 2
}