{
  "checkpoint": "out/simple_graph_1_1_120_100/40000_ckpt_20.pt",
  "num_nodes": 100,
  "weight_gap": 0.3307439684867859,
  "avg_edge_weight": 0.3311989903450012,
  "avg_non_edge_weight": 0.0004550142039079219,
  "token_offset": 2
}