{
  "checkpoint": "out/simple_graph_1_1_120_100/40000_ckpt_20.pt",
  "num_nodes": 100,
  "weight_gap": 0.4860767722129822,
  "avg_edge_weight": 0.47968968749046326,
  "avg_non_edge_weight": -0.0063870917074382305,
  "token_offset": 2
}