{
  "checkpoint": "out/simple_graph_1_1_120_100/50000_ckpt_20.pt",
  "num_nodes": 100,
  "weight_gap": 0.46007105708122253,
  "avg_edge_weight": 0.4708731174468994,
  "avg_non_edge_weight": 0.010802054777741432,
  "token_offset": 2
}