{
  "checkpoint": "out/simple_graph_1_1_120_100/50000_ckpt_20.pt",
  "num_nodes": 100,
  "weight_gap": 0.08223268389701843,
  "avg_edge_weight": 0.132724329829216,
  "avg_non_edge_weight": 0.05049164593219757
}