{
  "checkpoint": "out/simple_graph_1_1_120_100/50000_ckpt_20.pt",
  "num_nodes": 100,
  "weight_gap": 0.3026142716407776,
  "avg_edge_weight": 0.307354211807251,
  "avg_non_edge_weight": 0.004739935044199228,
  "token_offset": 2
}