{
  "checkpoint": "out/simple_graph_1_1_120_100/7000_ckpt_20.pt",
  "num_nodes": 100,
  "weight_gap": 0.17890892922878265,
  "avg_edge_weight": 0.16595999896526337,
  "avg_non_edge_weight": -0.012948929332196712,
  "token_offset": 2
}