{
  "checkpoint": "out/simple_graph_1_1_120_100/70000_ckpt_20.pt",
  "num_nodes": 100,
  "weight_gap": 0.37640103697776794,
  "avg_edge_weight": 0.4185321629047394,
  "avg_non_edge_weight": 0.04213113710284233,
  "token_offset": 2
}