{
  "checkpoint": "out/simple_graph_1_1_120_100/8000_ckpt_20.pt",
  "num_nodes": 100,
  "weight_gap": 0.17731568217277527,
  "avg_edge_weight": 0.16426967084407806,
  "avg_non_edge_weight": -0.013046009466052055,
  "token_offset": 2
}