{
  "checkpoint": "out/simple_graph_1_1_120_100/8000_ckpt_20.pt",
  "num_nodes": 100,
  "weight_gap": 0.032458484172821045,
  "avg_edge_weight": 0.036411479115486145,
  "avg_non_edge_weight": 0.0039529940113425255
}