{
  "checkpoint": "out/simple_graph_1_1_120_100/90000_ckpt_20.pt",
  "num_nodes": 100,
  "weight_gap": 0.3108729124069214,
  "avg_edge_weight": 0.3745812773704529,
  "avg_non_edge_weight": 0.06370837241411209,
  "token_offset": 2
}