{
  "checkpoint": "out/simple_graph_1_1_120_100/1000_ckpt_20.pt",
  "num_nodes": 100,
  "weight_gap": 0.08241140842437744,
  "avg_edge_weight": 0.0780220776796341,
  "avg_non_edge_weight": -0.0043893298134207726,
  "token_offset": 2,
  "graph_type": "directed"
}