{
  "checkpoint": "out/simple_graph_1_1_120_100/15000_ckpt_20.pt",
  "num_nodes": 100,
  "weight_gap": 0.35029783844947815,
  "avg_edge_weight": 0.33521607518196106,
  "avg_non_edge_weight": -0.015081754885613918,
  "token_offset": 2,
  "graph_type": "directed"
}