{
  "checkpoint": "out/simple_graph_1_1_120_100/20000_ckpt_20.pt",
  "num_nodes": 100,
  "weight_gap": 0.41506969928741455,
  "avg_edge_weight": 0.39726874232292175,
  "avg_non_edge_weight": -0.01780094765126705,
  "token_offset": 2,
  "graph_type": "directed"
}