{
  "checkpoint": "out/simple_graph_1_1_120_100/2000_ckpt_20.pt",
  "num_nodes": 100,
  "weight_gap": 0.11848537623882294,
  "avg_edge_weight": 0.11121872067451477,
  "avg_non_edge_weight": -0.007266656029969454,
  "token_offset": 2,
  "graph_type": "directed"
}