{
  "checkpoint": "out/simple_graph_1_1_120_100/30000_ckpt_20.pt",
  "num_nodes": 100,
  "weight_gap": 0.4727112650871277,
  "avg_edge_weight": 0.4646456837654114,
  "avg_non_edge_weight": -0.008065586909651756,
  "token_offset": 2,
  "graph_type": "directed"
}