{
  "checkpoint": "out/simple_graph_1_1_120_100/40000_ckpt_20.pt",
  "num_nodes": 100,
  "weight_gap": 0.4715366065502167,
  "avg_edge_weight": 0.47968968749046326,
  "avg_non_edge_weight": 0.008153080008924007,
  "token_offset": 2,
  "graph_type": "directed"
}