{
  "checkpoint": "out/simple_graph_1_1_120_100/5000_ckpt_20.pt",
  "num_nodes": 100,
  "weight_gap": 0.1610976606607437,
  "avg_edge_weight": 0.15138065814971924,
  "avg_non_edge_weight": -0.009716999717056751,
  "token_offset": 2,
  "graph_type": "directed"
}