{
  "checkpoint": "out/simple_graph_1_1_120_100/60000_ckpt_20.pt",
  "num_nodes": 100,
  "weight_gap": 0.3992595672607422,
  "avg_edge_weight": 0.44652172923088074,
  "avg_non_edge_weight": 0.04726215451955795,
  "token_offset": 2,
  "graph_type": "directed"
}