{
  "checkpoint": "out/simple_graph_1_1_120_100/7000_ckpt_20.pt",
  "num_nodes": 100,
  "weight_gap": 0.17607808113098145,
  "avg_edge_weight": 0.16595999896526337,
  "avg_non_edge_weight": -0.010118079371750355,
  "token_offset": 2,
  "graph_type": "directed"
}