{
  "checkpoint": "out/simple_graph_1_1_120_100/80000_ckpt_20.pt",
  "num_nodes": 100,
  "weight_gap": 0.31966453790664673,
  "avg_edge_weight": 0.3940247893333435,
  "avg_non_edge_weight": 0.07436025887727737,
  "token_offset": 2,
  "graph_type": "directed"
}