{
  "10000": {
    "noise_0.0": {
      "mean_accuracy": 0.3512727272727273,
      "std_accuracy": 0.0,
      "min_accuracy": 0.3512727272727273,
      "max_accuracy": 0.3512727272727273,
      "position_accuracies": {
        "position_0": 0.966,
        "position_1": 0.0,
        "position_2": 0.0,
        "position_3": 0.266,
        "position_4": 0.4173669467787115,
        "position_5": 0.4660194174757281,
        "position_6": 0.46296296296296297,
        "position_7": 0.6785714285714286,
        "position_8": 0.7222222222222222,
        "position_9": 0.8
      }
    },
    "noise_0.1": {
      "mean_accuracy": 0.35083636363636367,
      "std_accuracy": 0.000534434125698158,
      "min_accuracy": 0.3498181818181818,
      "max_accuracy": 0.3512727272727273,
      "position_accuracies": {
        "position_0": 0.9644,
        "position_1": 0.0,
        "position_2": 0.0,
        "position_3": 0.266,
        "position_4": 0.4173669467787115,
        "position_5": 0.4660194174757281,
        "position_6": 0.46296296296296297,
        "position_7": 0.6821428571428573,
        "position_8": 0.7333333333333334,
        "position_9": 0.6399999999999999
      }
    },
    "noise_0.2": {
      "mean_accuracy": 0.28974545454545453,
      "std_accuracy": 0.001983735519561583,
      "min_accuracy": 0.2869090909090909,
      "max_accuracy": 0.2927272727272727,
      "position_accuracies": {
        "position_0": 0.7856000000000002,
        "position_1": 0.004,
        "position_2": 0.0068000000000000005,
        "position_3": 0.27280000000000004,
        "position_4": 0.27563025210084036,
        "position_5": 0.3660194174757282,
        "position_6": 0.3888888888888889,
        "position_7": 0.5678571428571428,
        "position_8": 0.6444444444444445,
        "position_9": 0.6
      }
    },
    "noise_0.3": {
      "mean_accuracy": 0.22705454545454545,
      "std_accuracy": 0.005396540060825932,
      "min_accuracy": 0.22254545454545455,
      "max_accuracy": 0.23745454545454545,
      "position_accuracies": {
        "position_0": 0.6068,
        "position_1": 0.008000000000000002,
        "position_2": 0.010400000000000001,
        "position_3": 0.13520000000000001,
        "position_4": 0.2873949579831933,
        "position_5": 0.35242718446601945,
        "position_6": 0.27222222222222225,
        "position_7": 0.4642857142857143,
        "position_8": 0.6222222222222221,
        "position_9": 0.48
      }
    },
    "noise_0.5": {
      "mean_accuracy": 0.10523636363636364,
      "std_accuracy": 0.003484843214752276,
      "min_accuracy": 0.0989090909090909,
      "max_accuracy": 0.108,
      "position_accuracies": {
        "position_0": 0.2672,
        "position_1": 0.0064,
        "position_2": 0.014799999999999999,
        "position_3": 0.035199999999999995,
        "position_4": 0.16134453781512603,
        "position_5": 0.129126213592233,
        "position_6": 0.2111111111111111,
        "position_7": 0.24285714285714283,
        "position_8": 0.2666666666666667,
        "position_9": 0.44000000000000006
      }
    }
  },
  "30000": {
    "noise_0.0": {
      "mean_accuracy": 0.35054545454545455,
      "std_accuracy": 0.0,
      "min_accuracy": 0.35054545454545455,
      "max_accuracy": 0.35054545454545455,
      "position_accuracies": {
        "position_0": 0.9640000000000001,
        "position_1": 0.0,
        "position_2": 0.0,
        "position_3": 0.264,
        "position_4": 0.41456582633053224,
        "position_5": 0.4660194174757281,
        "position_6": 0.46296296296296297,
        "position_7": 0.6785714285714286,
        "position_8": 0.7222222222222222,
        "position_9": 1.0
      }
    },
    "noise_0.1": {
      "mean_accuracy": 0.3498909090909091,
      "std_accuracy": 0.0005818181818181751,
      "min_accuracy": 0.3490909090909091,
      "max_accuracy": 0.35054545454545455,
      "position_accuracies": {
        "position_0": 0.9620000000000001,
        "position_1": 0.0,
        "position_2": 0.0,
        "position_3": 0.264,
        "position_4": 0.41456582633053224,
        "position_5": 0.4660194174757281,
        "position_6": 0.46296296296296297,
        "position_7": 0.6821428571428572,
        "position_8": 0.7222222222222222,
        "position_9": 0.8
      }
    },
    "noise_0.2": {
      "mean_accuracy": 0.2960727272727273,
      "std_accuracy": 0.002449084834979311,
      "min_accuracy": 0.29345454545454547,
      "max_accuracy": 0.3003636363636364,
      "position_accuracies": {
        "position_0": 0.8004000000000001,
        "position_1": 0.0076,
        "position_2": 0.0104,
        "position_3": 0.26880000000000004,
        "position_4": 0.29971988795518206,
        "position_5": 0.3650485436893204,
        "position_6": 0.38703703703703707,
        "position_7": 0.5857142857142857,
        "position_8": 0.5777777777777777,
        "position_9": 0.6799999999999999
      }
    },
    "noise_0.3": {
      "mean_accuracy": 0.23716363636363638,
      "std_accuracy": 0.00905564067855906,
      "min_accuracy": 0.22254545454545455,
      "max_accuracy": 0.2509090909090909,
      "position_accuracies": {
        "position_0": 0.6364,
        "position_1": 0.01,
        "position_2": 0.009600000000000001,
        "position_3": 0.1468,
        "position_4": 0.2913165266106442,
        "position_5": 0.36310679611650487,
        "position_6": 0.30925925925925923,
        "position_7": 0.46785714285714286,
        "position_8": 0.5444444444444445,
        "position_9": 0.52
      }
    },
    "noise_0.5": {
      "mean_accuracy": 0.12109090909090907,
      "std_accuracy": 0.008282611477822797,
      "min_accuracy": 0.112,
      "max_accuracy": 0.13418181818181818,
      "position_accuracies": {
        "position_0": 0.3036,
        "position_1": 0.0088,
        "position_2": 0.018400000000000003,
        "position_3": 0.04279999999999999,
        "position_4": 0.17703081232492995,
        "position_5": 0.18155339805825244,
        "position_6": 0.2166666666666667,
        "position_7": 0.22142857142857145,
        "position_8": 0.4333333333333333,
        "position_9": 0.4
      }
    }
  },
  "50000": {
    "noise_0.0": {
      "mean_accuracy": 0.35054545454545455,
      "std_accuracy": 0.0,
      "min_accuracy": 0.35054545454545455,
      "max_accuracy": 0.35054545454545455,
      "position_accuracies": {
        "position_0": 0.9640000000000001,
        "position_1": 0.0,
        "position_2": 0.0,
        "position_3": 0.266,
        "position_4": 0.41456582633053224,
        "position_5": 0.46116504854368934,
        "position_6": 0.46296296296296297,
        "position_7": 0.6785714285714286,
        "position_8": 0.7222222222222222,
        "position_9": 1.0
      }
    },
    "noise_0.1": {
      "mean_accuracy": 0.34996363636363637,
      "std_accuracy": 0.00054424107443984,
      "min_accuracy": 0.3490909090909091,
      "max_accuracy": 0.35054545454545455,
      "position_accuracies": {
        "position_0": 0.9623999999999999,
        "position_1": 0.0,
        "position_2": 0.0,
        "position_3": 0.266,
        "position_4": 0.41456582633053224,
        "position_5": 0.46116504854368934,
        "position_6": 0.46296296296296297,
        "position_7": 0.6785714285714286,
        "position_8": 0.7222222222222222,
        "position_9": 0.8400000000000001
      }
    },
    "noise_0.2": {
      "mean_accuracy": 0.29309090909090907,
      "std_accuracy": 0.0043271199361871945,
      "min_accuracy": 0.28545454545454546,
      "max_accuracy": 0.29709090909090907,
      "position_accuracies": {
        "position_0": 0.7936000000000001,
        "position_1": 0.004399999999999999,
        "position_2": 0.004,
        "position_3": 0.2752,
        "position_4": 0.29747899159663865,
        "position_5": 0.3572815533980583,
        "position_6": 0.362962962962963,
        "position_7": 0.5821428571428571,
        "position_8": 0.6777777777777778,
        "position_9": 0.72
      }
    },