{
  "10000": {
    "entropy": {
      "mean": 0.055805363373481666,
      "std": 0.1677846020574429,
      "min": 0.0003871457010973245,
      "max": 1.1140961647033691,
      "median": 0.01041080430150032,
      "percentiles": {
        "10": 0.0015852393698878586,
        "25": 0.004001679946668446,
        "75": 0.022794362157583237,
        "90": 0.07135789766907698
      }
    },
    "top1_prob": {
      "mean": 0.9802961384654045,
      "std": 0.0800866984970996,
      "min": 0.39349037408828735,
      "max": 0.9999732971191406,
      "median": 0.9989038109779358,
      "percentiles": {
        "10": 0.9898384630680084,
        "25": 0.9972756206989288,
        "75": 0.999629944562912,
        "90": 0.9998663067817688
      }
    },
    "top5_prob": {
      "mean": 0.9996807864904403,
      "std": 0.0006258262093366217,
      "min": 0.9920478463172913,
      "max": 0.9999938011169434,
      "median": 0.99986732006073,
      "percentiles": {
        "10": 0.9992962956428528,
        "25": 0.9996858984231949,
        "75": 0.9999396502971649,
        "90": 0.999970430135727
      }
    },
    "top10_prob": {
      "mean": 0.9998617571592331,
      "std": 0.00024379509532875365,
      "min": 0.9973607063293457,
      "max": 0.9999963045120239,
      "median": 0.999939888715744,
      "percentiles": {
        "10": 0.9997042179107666,
        "25": 0.9998518973588943,
        "75": 0.9999721646308899,
        "90": 0.9999853014945984
      }
    },
    "gini_coefficient": {
      "mean": 0.9896494846564795,
      "std": 0.002035162987454618,
      "min": 0.9730992944982755,
      "max": 0.9901926841091673,
      "median": 0.9901252574940695,
      "percentiles": {
        "10": 0.9895827670373649,
        "25": 0.9900459493039662,
        "75": 0.9901659478246492,
        "90": 0.9901830990867537
      }
    },
    "kl_from_uniform": {
      "mean": 4.569167457050889,
      "std": 0.16778460410203017,
      "min": 3.5108767529690366,
      "max": 4.6245853169375,
      "median": 4.614562187126515,
      "percentiles": {
        "10": 4.553615249781088,
        "25": 4.602178157101716,
        "75": 4.620970788543723,
        "90": 4.623387590086037
      }
    },
    "effective_choices": {
      "mean": 1.076994064807892,
      "std": 0.27139837651280563,
      "min": 1.000387191772461,
      "max": 3.0468130111694336,
      "median": 1.010465145111084,
      "percentiles": {
        "10": 1.0015864849090577,
        "25": 1.00400972366333,
        "75": 1.023056149482727,
        "90": 1.0739658594131472
      }
    },
    "max_to_second_ratio": {
      "mean": 7962.866653965235,
      "std": 19957.09451576567,
      "min": 1.1078177690505981,
      "max": 206715.25,
      "median": 1872.2228393554688,
      "percentiles": {
        "10": 145.3997299194337,
        "25": 573.3754272460938,
        "75": 6805.0787353515625,
        "90": 19436.7103515625
      }
    },
    "concentration_index": {
      "mean": 0.9721855941414833,
      "std": 0.10154224521277867,
      "min": 0.3426474928855896,
      "max": 0.9999465942382812,
      "median": 0.9978090226650238,
      "percentiles": {
        "10": 0.979873675107956,
        "25": 0.9945603758096695,
        "75": 0.9992600530385971,
        "90": 0.9997326135635376
      }
    },
    "position_stats": {
      "position_0": {
        "entropy_mean": 0.05580536276102066,
        "top1_prob_mean": 0.9802961384654045,
        "effective_choices_mean": 1.076994064807892
      }
    }
  },
  "30000": {
    "entropy": {
      "mean": 0.04631571615386929,
      "std": 0.16652717508951795,
      "min": 4.644420914701186e-05,
      "max": 1.1088144779205322,
      "median": 0.003631194122135639,
      "percentiles": {
        "10": 0.00042199173185508704,
        "25": 0.0011838545615319163,
        "75": 0.009625025326386094,
        "90": 0.0376257184892893
      }
    },
    "top1_prob": {
      "mean": 0.9810438100099563,
      "std": 0.08257149611889344,
      "min": 0.3796933889389038,
      "max": 0.9999971389770508,
      "median": 0.9996532797813416,
      "percentiles": {
        "10": 0.9944905757904052,
        "25": 0.9989745169878006,
        "75": 0.999899297952652,
        "90": 0.9999684453010559
      }
    },
    "top5_prob": {
      "mean": 0.9999101835489274,
      "std": 0.00019586981683817546,
      "min": 0.997913122177124,
      "max": 0.9999992847442627,
      "median": 0.9999727010726929,
      "percentiles": {
        "10": 0.9998027145862579,
        "25": 0.9999181926250458,
        "75": 0.999989926815033,
        "90": 0.9999958395957946
      }
    },
    "top10_prob": {
      "mean": 0.9999672838449478,
      "std": 6.901462751746407e-05,
      "min": 0.9993318915367126,
      "max": 0.9999998211860657,
      "median": 0.9999896287918091,
      "percentiles": {
        "10": 0.9999222218990326,
        "25": 0.9999683052301407,
        "75": 0.9999958872795105,
        "90": 0.999998152256012
      }
    },
    "gini_coefficient": {
      "mean": 0.9897347665808653,
      "std": 0.0020454978153601525,
      "min": 0.9719980317712957,
      "max": 0.9901957598563524,
      "median": 0.9901776086031379,
      "percentiles": {
        "10": 0.9900178183351821,
        "25": 0.9901456920250457,
        "75": 0.9901900836126418,
        "90": 0.9901938401848058
      }
    },
    "kl_from_uniform": {
      "mean": 4.578657110116424,
      "std": 0.16652717532437697,
      "min": 3.5161584370413883,
      "max": 4.624926202802214,
      "median": 4.62134135086322,
      "percentiles": {
        "10": 4.587346567115634,
        "25": 4.615348148288788,
        "75": 4.623788817048373,
        "90": 4.6245514392545815
      }
    },
    "effective_choices": {
      "mean": 1.0666636781692505,
      "std": 0.26908329931155495,
      "min": 1.0000464916229248,
      "max": 3.0307631492614746,
      "median": 1.0036377906799316,
      "percentiles": {
        "10": 1.0004220604896545,
        "25": 1.0011846125125885,
        "75": 1.0096714496612549,
        "90": 1.0383425235748291
      }
    },
    "max_to_second_ratio": {
      "mean": 39525.813563970565,
      "std": 149890.9748343591,
      "min": 1.045432448387146,
      "max": 1883666.0,
      "median": 5694.64892578125,
      "percentiles": {
        "10": 223.39236602783205,
        "25": 1431.2826843261719,
        "75": 20301.80615234375,
        "90": 82698.19843750002
      }
    },
    "concentration_index": {
      "mean": 0.9744077044725418,
      "std": 0.10267354625620698,
      "min": 0.33624395728111267,
      "max": 0.9999942779541016,
      "median": 0.999306708574295,
      "percentiles": {
        "10": 0.9890405356884002,
        "25": 0.9979505091905594,
        "75": 0.999798595905304,
        "90": 0.9999368906021118
      }
    },
    "position_stats": {
      "position_0": {
        "entropy_mean": 0.046315714716911316,
        "top1_prob_mean": 0.9810438100099563,
        "effective_choices_mean": 1.0666636781692505
      }
    }
  },
  "50000": {
    "entropy": {
      "mean": 0.041774943529253504,
      "std": 0.16100209198961113,
      "min": 2.3361388230114244e-05,
      "max": 1.103713870048523,
      "median": 0.002071907976642251,
      "percentiles": {
        "10": 0.00025110815186053516,
        "25": 0.000719963209121488,
        "75": 0.00699657725635916,
        "90": 0.02397075109183792
      }
    },
    "top1_prob": {
      "mean": 0.9827711198925972,
      "std": 0.07761757640802147,
      "min": 0.42083725333213806,
      "max": 0.9999986886978149,
      "median": 0.9998049736022949,
      "percentiles": {
        "10": 0.996660852432251,
        "25": 0.999245285987854,
        "75": 0.9999391734600067,
        "90": 0.9999812245368958
      }
    },
    "top5_prob": {
      "mean": 0.9999477795362472,
      "std": 0.00012411079401063364,
      "min": 0.9985437989234924,
      "max": 0.9999998211860657,
      "median": 0.9999836981296539,